{"txn_hash":"0x4afcd4d98753c74b196abaa7d86f6ecca078eef0f367f71aef679d1f14d9cb17","exchange_currency":"USD","exchange_rate":0.9943,"gasUsed":210900,"effectiveGasPrice":79.498123222,"type":2,"status":1,"confirmations":79022,"blockNumber":38182615,"blockHash":"0xb2a2b8ee19153d2740447da26c36897771433ace18bcff5d14bdf94261f72d7d","blockTimestamp":1673938663,"to":"0x89aAC1F5cCDd54dd8A09e5c858F19a665E4fA32b","contractAddress":null,"gasLimit":233603,"base_fee":44.848123222,"gasPrice":79.498123222,"maxPriorityFeePerGas":34.65,"maxFeePerGas":224.180463006,"txn_savings":0.030513505460445598,"txn_savings_fiat":0.030339578479321058,"value":0,"value_fiat":0,"final_txn_fee":0.0167661541875198,"final_txn_fee_fiat":0.016670587108650936,"gas_savings":22703,"used_gas_ratio":0.9028137481111116,"data":"0x0c53c51c000000000000000000000000e05b1317d7e50f296bb87be833cd4e83af42810500000000000000000000000000000000000000000000000000000000000000a04a7cadc1014bb9907215d6e6df190af6996b92254a5acf72504393e34347a3b1678a14db4e2b7359f2d428671407f60f56ab74e15c162cff277b7a0acc1f6383000000000000000000000000000000000000000000000000000000000000001b00000000000000000000000000000000000000000000000000000000000000643c9c0b2b724b4f39493954430000000000000000000000000000000000000000000000000000000000000000000000000000000000000000000000000000000000069f33000000000000000000000000000000000000000000000000000000000000000300000000000000000000000000000000000000000000000000000000"}{"txn_hash":"0x0acd0afae95e2bea5a30a6ffa1c3b86b6e65c7af3dfbed0c6a84092719a3b043","exchange_currency":"USD","exchange_rate":0.9943,"gasUsed":46298,"effectiveGasPrice":50.637609058,"type":2,"status":1,"confirmations":79080,"blockNumber":38182557,"blockHash":"0x964a4b28b337c46d21bb2ae3f558c7f53354d698337f894dfefd3cd045999b31","blockTimestamp":1673938543,"to":"0xE06Bd4F5aAc8D0aA337D13eC88dB6defC6eAEefE","contractAddress":null,"gasLimit":46298,"base_fee":17.507097087,"gasPrice":50.637609058,"maxPriorityFeePerGas":50.637609058,"maxFeePerGas":50.637609058,"txn_savings":0,"txn_savings_fiat":0,"value":0,"value_fiat":0,"final_txn_fee":0.002344420024167284,"final_txn_fee_fiat":0.00233105683002953,"gas_savings":0,"used_gas_ratio":1,"data":"0x095ea7b30000000000000000000000005a98e7ce0f72995fdc13d91255443f374c1299a6000000000000000000000000000000000000000000084595161401484a000000"}{"txn_hash":"0x3af68ac9316ab4c7265f1caece1211db08a59da510d102d81d5cdf3b6fc7eef6","exchange_currency":"USD","exchange_rate":0.9943,"gasUsed":21000,"effectiveGasPrice":51.151987416,"type":0,"status":1,"confirmations":79080,"blockNumber":38182557,"blockHash":"0x964a4b28b337c46d21bb2ae3f558c7f53354d698337f894dfefd3cd045999b31","blockTimestamp":1673938543,"to":"0xcc60a0c8bcE47119feA6A73eA10C1469930e8956","contractAddress":null,"gasLimit":21000,"base_fee":17.507097087,"gasPrice":51.151987416,"maxPriorityFeePerGas":-1,"maxFeePerGas":-1,"txn_savings":0,"txn_savings_fiat":0,"value":15.01,"value_fiat":14.924442999999998,"final_txn_fee":0.0010741917357359998,"final_txn_fee_fiat":0.0010680688428423046,"gas_savings":0,"used_gas_ratio":1,"data":"0x"}{"txn_hash":"0x0aba4ecee88de2db063bb4193bd346b7c8410375cf72f837a8d3b621ddd69f41","exchange_currency":"USD","exchange_rate":0.9943,"gasUsed":85690,"effectiveGasPrice":40.404152929,"type":2,"status":0,"confirmations":79172,"blockNumber":38182465,"blockHash":"0x54850a3f3de43b89f1c0124c8ca15090fd9dd86167083875f72f00c0d55dd340","blockTimestamp":1673938355,"to":"0x458df878caE2174a294b907dF6d4235FA59eaa44","contractAddress":null,"gasLimit":480000,"base_fee":13.662173546,"gasPrice":40.404152929,"maxPriorityFeePerGas":40.404152929,"maxFeePerGas":40.404152929,"txn_savings":0,"txn_savings_fiat":0,"value":0,"value_fiat":0,"final_txn_fee":0.0034622318644860098,"final_txn_fee_fiat":0.0034424971428584396,"gas_savings":394310,"used_gas_ratio":0.17852083333333332,"data":"0xfe418a63000000000000000000000000c1508bb7d7d6b57f4cd164666a082360ca77b66d00000000000000000000000066090ef0020244ecd7b0501234c87549b02b40780000000000000000000000004db1087154cd5b33fa275a88b183619f1a6f6614000000000000000000000000000000000000000000000000000000000000000300000000000000000000000000000000000000000000000f38e00f36880f3688"}{"txn_hash":"0x0e7e03000e426f0a85f6524ca5c2cea239b576d74eab7a146578de76f74908cf","exchange_currency":"USD","exchange_rate":0.9943,"gasUsed":75585,"effectiveGasPrice":63.85701933,"type":0,"status":1,"confirmations":79080,"blockNumber":38182557,"blockHash":"0x964a4b28b337c46d21bb2ae3f558c7f53354d698337f894dfefd3cd045999b31","blockTimestamp":1673938543,"to":"0xa54285b453571BDC599Cb30c937ab00b05313440","contractAddress":null,"gasLimit":3914599,"base_fee":17.507097087,"gasPrice":63.85701933,"maxPriorityFeePerGas":-1,"maxFeePerGas":-1,"txn_savings":0,"txn_savings_fiat":0,"value":0,"value_fiat":0,"final_txn_fee":0.00482663280605805,"final_txn_fee_fiat":0.004799120999063519,"gas_savings":3839014,"used_gas_ratio":0.019308491112371918,"data":"0x08b2da0a000000000000000000000000000000000000000000000000000000000000004000000000000000000000000000000000000000000000000000000000000003a0000000000000000000000000000000000000000000000000000000000000000284b8d13679499734a8048359443e01229f923b074ba2b9c117b9f1f94a870567d5ef0c9030f80ef7acbd72328a18c61e4af9c5f70f4ed8758160c74eb0a68f2ba6238ac0a91e70492af290d25f7cc9648c0823afc7f9366bb19bcbd8f3353bbe6a9dfba98bc26125981b4bc036f4f3799a9f34a0b49357fa663a8e9d8e2ca00452885dc252cc6fe43d9d8a9bde75c187685f7cb69ad367c476314e886dc44fe0481a10209840c1f54df5857d2dcff05de2d5cd789b9ab221d2022181a86a0adb994417fa95778937d9051717d5159b2679531ac438107f82c1c2b2c75d677d20000000000000000000000000ebf5e0f4e13a8716b43dfd4334b49bca5d950929212274b32b7f8d314dbd22ea2fc5140d21eb87db3c7c47d49c310acf870329525fdcf97595fd4b209afa375e75dc14d6e3bc09ea02d159c718e6a89424fb2b2641dae3bcad43b03bf0a7fb19e84de48f026d5d732ca42452a7050c0cba36a8a8f76a4f7f3bcfb3bf689964679f422bf2e13726d80ec27d8e8335b52d8e1f9447d1bc719d5e155101d6b12894c3fecb6d3f2c78c65f06a3ef2e557131c6e00eea84b8d13679499734a8048359443e01229f923b074ba2b9c117b9f1f94a870567d5ef0c9030f80ef7acbd72328a18c61e4af9c5f70f4ed8758160c74eb0a68f2bf890ac09648de4e2078ff34f0d820d2331bf207ef751011aa9278c76d99c48e2604f7243f1fe28716c429473939420c0d8adda06b89af078bd0c13e61df8b13a22d477328121c546c9fe2614a52515d471efc97202f2ce2838c69077fd759a618a43a8edca4d8cf188a07f74d2abcea9129997ae4c402e62ee8f4ec820190b8cedc2cafe351185654c53561869ab3e1cbf65689ef90611670dc84858c40986eb000000000000000000000000ce832dcc7057d57bb6bcef072e6a8e93da88ca7caf590774dbf3743c25b7fa8224ffa60a5b2b71a71731cf58b080fa99e7f22b21762d35e36cdb9e417c7c6d468800ee6c799a86b41cf7f9d2d68ad8ea9a402f7adbd2ce92621a10d83371c393ba1ac1fe0374e5b6a7f5a039eac1691e570b9295978d82fe544ad05365d2ab413ca0c07accfd5a406e7305a3793a0e4d510d77ee79c84f0d3365f92c1a90d0da0a6a6146d05b4e6f968425edf635d26c518488e100000000000000000000000000000000000000000000000000000000000000020000000000000000000000000000000000000000000000000000000002469e95000000000000000000000000000000000000000000000000000000000000016600000000000000000000000000000000000000000000000000000000000493e0000000000000000000000000000000000000000000000000000000000000000100000000000000000000000034f9a1963029edb930d6841c236989ce61002b390000000000000000000000000000000000000000000000000000000002469e95000000000000000000000000000000000000000000000000000000000000016600000000000000000000000000000000000000000000000000000000000493e0000000000000000000000000000000000000000000000000000000000000000100000000000000000000000034f9a1963029edb930d6841c236989ce61002b39"}{"txn_hash":"0xed6d9f6a58cde835e82ce3073b95d246ccf8f2622d399bfe4044544033ce98d2","exchange_currency":"USD","exchange_rate":0.9943,"gasUsed":85690,"effectiveGasPrice":40.404152929,"type":2,"status":0,"confirmations":79172,"blockNumber":38182465,"blockHash":"0x54850a3f3de43b89f1c0124c8ca15090fd9dd86167083875f72f00c0d55dd340","blockTimestamp":1673938355,"to":"0x458df878caE2174a294b907dF6d4235FA59eaa44","contractAddress":null,"gasLimit":480000,"base_fee":13.662173546,"gasPrice":40.404152929,